CIP汎用正面晒痕,CIP汎用正面0日焼.png,0,0,300,100
CIP汎用正面普通,CIP汎用正面0肌色.png,0,0,300,100
CIP汎用正面褐色肌,CIP汎用正面0褐色.png,0,0,300,100
CIP汎用正面色白,CIP汎用正面0色白.png,0,0,300,100
CIP汎用正面青肌,CIP汎用正面0青肌.png,0,0,300,100

CIP內褲赤,CIP汎用正面2ショーツ赤.png,0,0,300,100
CIP內褲黒,CIP汎用正面2ショーツ黒.png,0,0,300,100
CIP內褲紫,CIP汎用正面2ショーツ紫.png,0,0,300,100
CIP內褲青,CIP汎用正面2ショーツ青.png,0,0,300,100
CIP內褲黄色,CIP汎用正面2ショーツ黄.png,0,0,300,100
CIP內褲桃,CIP汎用正面2ショーツ桃.png,0,0,300,100
CIP內褲白,CIP汎用正面2ショーツ白.png,0,0,300,100
CIP內褲緑色,CIP汎用正面2ショーツ緑.png,0,0,300,100

CIP三角胖次赤,CIP汎用正面2パンティ赤.png,0,0,300,100
CIP三角胖次黒,CIP汎用正面2パンティ黒.png,0,0,300,100
CIP三角胖次紫,CIP汎用正面2パンティ紫.png,0,0,300,100
CIP三角胖次青,CIP汎用正面2パンティ青.png,0,0,300,100
CIP三角胖次黄色,CIP汎用正面2パンティ黄.png,0,0,300,100
CIP三角胖次桃,CIP汎用正面2パンティ桃.png,0,0,300,100
CIP三角胖次白,CIP汎用正面2パンティ白.png,0,0,300,100
CIP三角胖次緑色,CIP汎用正面2パンティ緑.png,0,0,300,100

CIP褶边黒,CIP汎用正面2フリル黒.png,0,0,300,100
CIP褶边紫,CIP汎用正面2フリル紫.png,0,0,300,100
CIP褶边青,CIP汎用正面2フリル青.png,0,0,300,100
CIP褶边黄色,CIP汎用正面2フリル黄.png,0,0,300,100
CIP褶边桃,CIP汎用正面2フリル桃.png,0,0,300,100
CIP褶边白,CIP汎用正面2フリル白.png,0,0,300,100
CIP褶边緑色,CIP汎用正面2フリル緑.png,0,0,300,100

CIPMicro內褲赤,CIP汎用正面2マイクロ赤.png,0,0,300,100
CIPMicro內褲黒,CIP汎用正面2マイクロ黒.png,0,0,300,100
CIPMicro內褲紫,CIP汎用正面2マイクロ紫.png,0,0,300,100
CIPMicro內褲青,CIP汎用正面2マイクロ青.png,0,0,300,100
CIPMicro內褲白,CIP汎用正面2マイクロ白.png,0,0,300,100

CIP低腰黒,CIP汎用正面2ローライズ黒.png,0,0,300,100
CIP低腰紫,CIP汎用正面2ローライズ紫.png,0,0,300,100
CIP低腰青,CIP汎用正面2ローライズ青.png,0,0,300,100
CIP低腰黄色,CIP汎用正面2ローライズ黄.png,0,0,300,100
CIP低腰桃,CIP汎用正面2ローライズ桃.png,0,0,300,100
CIP低腰白,CIP汎用正面2ローライズ白.png,0,0,300,100
CIP低腰緑色,CIP汎用正面2ローライズ緑.png,0,0,300,100

CIP超低腰赤,CIP汎用正面2ローレグ赤.png,0,0,300,100
CIP超低腰黒,CIP汎用正面2ローレグ黒.png,0,0,300,100
CIP超低腰紫,CIP汎用正面2ローレグ紫.png,0,0,300,100
CIP超低腰青,CIP汎用正面2ローレグ青.png,0,0,300,100
CIP超低腰黄色,CIP汎用正面2ローレグ黄.png,0,0,300,100
CIP超低腰白,CIP汎用正面2ローレグ白.png,0,0,300,100
CIP超低腰緑色,CIP汎用正面2ローレグ緑.png,0,0,300,100

CIP四角内褲黒,CIP汎用正面2ボーイレッグ黒.png,0,0,300,100
CIP四角内褲紫,CIP汎用正面2ボーイレッグ紫.png,0,0,300,100
CIP四角内褲青,CIP汎用正面2ボーイレッグ青.png,0,0,300,100
CIP四角内褲黄色,CIP汎用正面2ボーイレッグ黄.png,0,0,300,100
CIP四角内褲桃,CIP汎用正面2ボーイレッグ桃.png,0,0,300,100
CIP四角内褲白,CIP汎用正面2ボーイレッグ白.png,0,0,300,100
CIP四角内褲緑色,CIP汎用正面2ボーイレッグ緑.png,0,0,300,100

CIP兜襠布赤,CIP汎用正面2ふんどし赤.png,0,0,300,100
CIP兜襠布黒,CIP汎用正面2ふんどし黒.png,0,0,300,100
CIP兜襠布桃,CIP汎用正面2ふんどし桃.png,0,0,300,100
CIP兜襠布白,CIP汎用正面2ふんどし白.png,0,0,300,100

CIP三角胖次蝴蝶結三角赤,CIP汎用正面3三角リボン赤.png,0,0,300,100
CIP三角胖次蝴蝶結三角黒,CIP汎用正面3三角リボン黒.png,0,0,300,100
CIP三角胖次蝴蝶結三角青,CIP汎用正面3三角リボン青.png,0,0,300,100
CIP三角胖次蝴蝶結三角黄,CIP汎用正面3三角リボン黄.png,0,0,300,100
CIP三角胖次蝴蝶結三角白,CIP汎用正面3三角リボン白.png,0,0,300,100
CIP三角胖次蝴蝶結紐赤,CIP汎用正面3紐リボン赤.png,0,0,300,100
CIP三角胖次蝴蝶結紐黒,CIP汎用正面3紐リボン黒.png,0,0,300,100
CIP三角胖次蝴蝶結紐青,CIP汎用正面3紐リボン青.png,0,0,300,100
CIP三角胖次蝴蝶結紐黄,CIP汎用正面3紐リボン黄.png,0,0,300,100
CIP三角胖次蝴蝶結紐白,CIP汎用正面3紐リボン白.png,0,0,300,100

CIP连褲襪黒,CIP汎用正面3タイツ黒.png,0,0,300,100
CIP连褲襪赤,CIP汎用正面3タイツ赤.png,0,0,300,100
CIP连褲襪白,CIP汎用正面3タイツ白.png,0,0,300,100

CIP兔褲襪黒,CIP汎用正面バニータイツ黒.png,0,0,300,100
CIP兔褲襪赤,CIP汎用正面バニータイツ赤.png,0,0,300,100

CIP百褶裙,CIP汎用正面4プリーツ.png,0,0,300,100

CIP叶子胖次緑色,CIP汎用正面2葉っぱパンツ.png,0,0,300,100

CIP高開衩赤,CIP汎用正面2ハイレグ赤.png,0,0,300,100
CIP高開衩黒,CIP汎用正面2ハイレグ黒.png,0,0,300,100
CIP高開衩紫,CIP汎用正面2ハイレグ紫.png,0,0,300,100
CIP高開衩青,CIP汎用正面2ハイレグ青.png,0,0,300,100
CIP高開衩黄色,CIP汎用正面2ハイレグ黄.png,0,0,300,100
CIP高開衩桃,CIP汎用正面2ハイレグ桃.png,0,0,300,100
CIP高開衩白,CIP汎用正面2ハイレグ白.png,0,0,300,100
CIP高開衩緑色,CIP汎用正面2ハイレグ緑.png,0,0,300,100

CIP襯褲白,CIP汎用正面ドロワーズ.png,0,0,300,100
CIP襯褲黒,CIP汎用正面ドロワーズ黒.png,0,0,300,100

CIP高開衩布鲁马赤,CIP汎用正面ハイレグブルマ赤.png,0,0,300,100
CIP高開衩布鲁马紺色,CIP汎用正面ハイレグブルマ紺色.png,0,0,300,100
CIP高開衩布鲁马水色,CIP汎用正面ハイレグブルマ水色.png,0,0,300,100
CIP高開衩布鲁马緑色,CIP汎用正面ハイレグブルマ緑.png,0,0,300,100

CIP布鲁马赤,CIP汎用正面ブルマ赤.png,0,0,300,100
CIP布鲁马紺色,CIP汎用正面ブルマ紺色.png,0,0,300,100
CIP布鲁马水色,CIP汎用正面ブルマ水色.png,0,0,300,100
CIP布鲁马緑色,CIP汎用正面ブルマ緑.png,0,0,300,100

CIP兔女郎制服黒,CIP汎用正面バニー黒.png,0,0,300,100
CIP兔女郎制服紫,CIP汎用正面バニー紫.png,0,0,300,100
CIP兔女郎制服青,CIP汎用正面バニー青.png,0,0,300,100
CIP兔女郎制服赤,CIP汎用正面バニー赤.png,0,0,300,100
CIP兔女郎制服白,CIP汎用正面バニー白.png,0,0,300,100

CIP競泳泳装黒,CIP汎用正面競泳黒.png,0,0,300,100
CIP競泳泳装青,CIP汎用正面競泳青.png,0,0,300,100
CIP競泳泳装赤,CIP汎用正面競泳赤.png,0,0,300,100
CIP競泳泳装緑色,CIP汎用正面競泳緑.png,0,0,300,100

CIP运动衫黒,CIP汎用正面ジャージ黒.png,0,0,300,100
CIP运动衫青,CIP汎用正面ジャージ青.png,0,0,300,100
CIP运动衫赤,CIP汎用正面ジャージ赤.png,0,0,300,100
CIP运动衫緑色,CIP汎用正面ジャージ緑.png,0,0,300,100
