CIPＴバック普通,CIPＴバック肌色.png,0,0,300,100
CIPＴバック褐色肌,CIPＴバック褐色.png,0,0,300,100
CIPＴバック色白,CIPＴバック色白.png,0,0,300,100
CIPＴバック青肌,CIPＴバック青肌.png,0,0,300,100

CIPＴバック黄色,CIPＴバック黄色.png,0,0,300,100
CIPＴバック灰色,CIPＴバック灰色.png,0,0,300,100
CIPＴバック紫,CIPＴバック紫.png,0,0,300,100
CIPＴバック真紅,CIPＴバック真紅.png,0,0,300,100
CIPＴバック水色,CIPＴバック水色.png,0,0,300,100
CIPＴバック青,CIPＴバック青.png,0,0,300,100
CIPＴバック赤,CIPＴバック赤.png,0,0,300,100
CIPＴバックピンク,CIPＴバック赤.png,0,0,300,100
CIPＴバック白,CIPＴバック白.png,0,0,300,100
CIPＴバック薄緑,CIPＴバック薄緑.png,0,0,300,100
CIPＴバック緑色,CIPＴバック緑色.png,0,0,300,100

CIPＴバック豹柄,CIPＴバック豹柄.png,0,0,300,100

CIPＴバック水玉ピンク,CIPＴバック水玉ピンク.png,0,0,300,100
CIPＴバック水玉黄色,CIPＴバック水玉黄色.png,0,0,300,100
CIPＴバック水玉黒,CIPＴバック水玉黒.png,0,0,300,100
CIPＴバック水玉水色,CIPＴバック水玉水色.png,0,0,300,100
