;13服
13シャツ,13a.png,0,0,300,300
13だぼだぼＴシャツ,13a.png,300,0,300,300

13Ｔシャツ黄色,13Tshirt.png,0,0,300,300
13Ｔシャツ白,13Tshirt.png,300,0,300,300
13Ｔシャツ黒,13Tshirt.png,600,0,300,300
13Ｔシャツ赤,13Tshirt.png,900,0,300,300
13Ｔシャツ緑色,13Tshirt.png,1200,0,300,300
13Ｔシャツ青,13Tshirt.png,0,300,300,300
13Ｔシャツ紫,13Tshirt.png,300,300,300,300
13Ｔシャツ桃,13Tshirt.png,600,300,300,300
13Ｔシャツ橙,13Tshirt.png,900,300,300,300

13変Ｔ漢字１,13henshirt.png,0,0,300,300
13変Ｔ英字１,13henshirt.png,300,0,300,300
13変Ｔ英字２,13henshirt.png,600,0,300,300
13変ＴＡＡ１,13henshirt.png,900,0,300,300

13変Ｔ漢字１黒,13Logob.png,0,0,300,300
13変Ｔ英字１黒,13Logob.png,300,0,300,300
13変Ｔ英字２黒,13Logob.png,600,0,300,300
13変ＴＡＡ１黒,13Logob.png,900,0,300,300

13変Ｔ漢字１白,13Logow.png,0,0,300,300
13変Ｔ英字１白,13Logow.png,300,0,300,300
13変Ｔ英字２白,13Logow.png,600,0,300,300
13変ＴＡＡ１白,13Logow.png,900,0,300,300

13メイド服黒,13b.png,0,0,300,300
13メイド服青,13b.png,300,0,300,300
13メイド服赤,13b.png,600,0,300,300
13メイド服緑色,13b.png,900,0,300,300
;13メイド服紺,13b.png,1200,0,300,300
13メイド服桃,13b.png,0,300,300,300
13メイド服水色,13b.png,300,300,300,300

13執事服灰色,13執事服.png,0,0,300,300
13執事服黒,13執事服.png,300,0,300,300
13執事服緑色,13執事服.png,600,0,300,300

13エプロン,13b2.png,0,0,300,300

13ネクタイブラウス黒,13c.png,0,0,300,300
13ネクタイブラウス青,13c.png,300,0,300,300
13ネクタイブラウス赤,13c.png,600,0,300,300
13ブラウス白,13c.png,900,0,300,300

13シャツジャケット白,13c1.png,0,0,300,300
13シャツジャケット黒,13c1.png,300,0,300,300
13シャツジャケット緑色,13c1.png,600,0,300,300
13シャツジャケット紺色,13c1.png,900,0,300,300

13前開きシャツ白,13c2.png,0,0,300,300
13前開きシャツ黒,13c2.png,300,0,300,300
13前開きシャツ緑色,13c2.png,600,0,300,300
13前開きシャツ紺色,13c2.png,900,0,300,300

13セーラー灰色,13d.png,0,0,300,300
13セーラー黒,13d.png,300,0,300,300
13セーラー紺色,13d.png,600,0,300,300
13セーラー青,13d.png,900,0,300,300
13セーラー赤,13d.png,1200,0,300,300
13セーラー白,13d.png,0,300,300,300

13ノースリーブセーラー灰色,13da.png,0,0,300,300
13ノースリーブセーラー黒,13da.png,300,0,300,300
13ノースリーブセーラー紺色,13da.png,600,0,300,300
13ノースリーブセーラー青,13da.png,900,0,300,300
13ノースリーブセーラー赤,13da.png,1200,0,300,300
13ノースリーブセーラー白,13da.png,0,300,300,300

13ブレザー灰色,13e.png,0,0,300,300
13ブレザー青,13e.png,300,0,300,300
13ブレザー赤,13e.png,600,0,300,300
13ブレザー茶色,13e.png,900,0,300,300
13ブレザー緑色,13e.png,1200,0,300,300
13ブレザー黒,13e.png,0,300,300,300

13ジャージ黒,13f.png,0,0,300,300
13ジャージ青,13f.png,300,0,300,300
13ジャージ赤,13f.png,600,0,300,300
13ジャージ緑色,13f.png,900,0,300,300

13詰襟ジャージ黄色,13g.png,0,0,300,300
13詰襟ジャージ青,13g.png,300,0,300,300
13詰襟ジャージ赤,13g.png,600,0,300,300
13詰襟ジャージ白,13g.png,900,0,300,300
13詰襟ジャージ緑色,13g.png,1200,0,300,300
13詰襟ジャージ橙,13g.png,0,300,300,300

13セーラー灰色＆ジャージ黒,13fa.png,0,0,300,300
13セーラー灰色＆ジャージ青,13fa.png,0,300,300,300
13セーラー灰色＆ジャージ赤,13fa.png,0,600,300,300
13セーラー灰色＆ジャージ緑色,13fa.png,0,900,300,300
13セーラー黒＆ジャージ黒,13fa.png,300,0,300,300
13セーラー黒＆ジャージ青,13fa.png,300,300,300,300
13セーラー黒＆ジャージ赤,13fa.png,300,600,300,300
13セーラー黒＆ジャージ緑色,13fa.png,300,900,300,300
13セーラー紺色＆ジャージ黒,13fa.png,600,0,300,300
13セーラー紺色＆ジャージ青,13fa.png,600,300,300,300
13セーラー紺色＆ジャージ赤,13fa.png,600,600,300,300
13セーラー紺色＆ジャージ緑色,13fa.png,600,900,300,300
13セーラー青＆ジャージ黒,13fa.png,600,0,300,300
13セーラー青＆ジャージ青,13fa.png,600,300,300,300
13セーラー青＆ジャージ赤,13fa.png,600,600,300,300
13セーラー青＆ジャージ緑色,13fa.png,600,900,300,300
13セーラー赤＆ジャージ黒,13fa.png,900,0,300,300
13セーラー赤＆ジャージ青,13fa.png,900,300,300,300
13セーラー赤＆ジャージ赤,13fa.png,900,600,300,300
13セーラー赤＆ジャージ緑色,13fa.png,900,900,300,300
13セーラー白＆ジャージ黒,13fa.png,1200,0,300,300
13セーラー白＆ジャージ青,13fa.png,1200,300,300,300
13セーラー白＆ジャージ赤,13fa.png,1200,600,300,300
13セーラー白＆ジャージ緑色,13fa.png,1200,900,300,300

13新スク紺色,13h.png,0,0,300,300
13スク水青,13h.png,300,0,300,300
13スク水白,13h.png,600,0,300,300

13競泳黒,13j.png,0,0,300,300
13競泳青,13j.png,300,0,300,300
13競泳赤,13j.png,600,0,300,300
13競泳緑色,13j.png,900,0,300,300

13ワンピ水着黒,13k.png,0,0,300,300
13チューブトップ赤,13k.png,300,0,300,300

13下着黒,13l.png,0,0,300,300
13下着青,13l.png,300,0,300,300
13下着桃,13l.png,600,0,300,300
13下着白,13l.png,900,0,300,300
13下着緑色,13l.png,1200,0,300,300
13下着橙,13l.png,0,300,300,300

13チャイナドレス黒,13m.png,0,0,300,300
13チャイナドレス青,13m.png,300,0,300,300
13チャイナドレス赤,13m.png,600,0,300,300
13チャイナドレス緑色,13m.png,900,0,300,300

13胸開きチャイナドレス緑色,13mopen.png,0,0,300,300
13胸開きチャイナドレス青,13mopen.png,300,0,300,300
13胸開きチャイナドレス黒,13mopen.png,600,0,300,300
13胸開きチャイナドレス白,13mopen.png,900,0,300,300
13胸開きチャイナドレス赤,13mopen.png,1200,0,300,300

13バニースーツ黒,13n.png,0,0,300,300
13バニースーツ紫,13n.png,300,0,300,300
13バニースーツ青,13n.png,600,0,300,300
13バニースーツ赤,13n.png,900,0,300,300
13バニースーツ白,13n.png,1200,0,300,300

13ボンデージ黒,13ボンデージ.png,0,0,300,300
13ボンデージ赤,13ボンデージ.png,300,0,300,300

13紐ボンデージ黒,13紐ボンデージ.png,0,0,300,300
13紐ボンデージ赤,13紐ボンデージ.png,300,0,300,300

13蝶ネクタイ黒,13n2.png,0,0,300,300
13蝶ネクタイ紫,13n2.png,300,0,300,300
13蝶ネクタイ青,13n2.png,600,0,300,300
13蝶ネクタイ赤,13n2.png,900,0,300,300
13蝶ネクタイ白,13n2.png,1200,0,300,300

13振袖黒,13o.png,0,0,300,300
13振袖紫,13o.png,300,0,300,300
13振袖青,13o.png,600,0,300,300
13振袖赤,13o.png,900,0,300,300
13振袖緑色,13o.png,1200,0,300,300

13浴衣黄色,13p.png,0,0,300,300
13浴衣黒,13p.png,300,0,300,300
13浴衣青,13p.png,600,0,300,300
13浴衣赤,13p.png,900,0,300,300
13浴衣緑色,13p.png,1200,0,300,300

13和服黒,13q.png,0,0,300,300
13和服青,13q.png,300,0,300,300
13和服赤,13q.png,600,0,300,300
13和服白,13q.png,900,0,300,300
13和服緑色,13q.png,1200,0,300,300
13和服橙,13q.png,0,300,300,300

13リボンブラウス黒,13r.png,0,0,300,300
13リボンブラウス青,13r.png,300,0,300,300
13リボンブラウス赤,13r.png,600,0,300,300
13ルーズブラウス,13r.png,900,0,300,300
13リボンブラウス緑色,13r.png,1200,0,300,300

13ノースリーブブラウスＡ,13nosleeve.png,0,0,300,300
13ノースリーブブラウスＢ,13nosleeve.png,300,0,300,300

13オフショルダー白,13offshoulder_shirt.png,0,0,300,300
13オフショルダーベージュ,13offshoulder_shirt.png,300,0,300,300
13オフショルダー黒,13offshoulder_shirt.png,600,0,300,300
13オフショルダー灰色,13offshoulder_shirt.png,900,0,300,300

13ベビードール赤,13babydoll.png,0,0,300,300
13ベビードール黒,13babydoll.png,300,0,300,300
13ベビードール緑色,13babydoll.png,600,0,300,300

13ネグリジェ黒,13ネグリジェ.png,0,0,300,300
13ネグリジェ白,13ネグリジェ.png,300,0,300,300
13ネグリジェ桃,13ネグリジェ.png,600,0,300,300

13キャミソール黒,13キャミソール.png,0,0,300,300
13キャミソール青,13キャミソール.png,300,0,300,300
13キャミソール赤,13キャミソール.png,600,0,300,300
13キャミソール白,13キャミソール.png,900,0,300,300
13キャミソール緑色,13キャミソール.png,1200,0,300,300
13キャミソール橙,13キャミソール.png,0,300,300,300

13パーカー黒,13hoodie.png,0,0,300,300
13パーカー灰色,13hoodie.png,0,0,300,300
13パーカー白,13hoodie.png,300,0,300,300
13パーカー青,13hoodie.png,600,0,300,300
13パーカー赤,13hoodie.png,900,0,300,300

13前開きパーカー黒,13hoodie2.png,0,0,300,300
13前開きパーカー灰色,13hoodie2.png,0,0,300,300
13前開きパーカー白,13hoodie2.png,300,0,300,300
13前開きパーカー青,13hoodie2.png,600,0,300,300
13前開きパーカー赤,13hoodie2.png,900,0,300,300

13シャツ無しパーカー黒,13hoodie3.png,0,0,300,300
13シャツ無しパーカー灰色,13hoodie3.png,0,0,300,300
13シャツ無しパーカー白,13hoodie3.png,300,0,300,300
13シャツ無しパーカー青,13hoodie3.png,600,0,300,300
13シャツ無しパーカー赤,13hoodie3.png,900,0,300,300

13タンクトップ灰色,13tanktop.png,0,0,300,300
13タンクトップ白,13tanktop.png,300,0,300,300
13タンクトップ青,13tanktop.png,600,0,300,300
13タンクトップ緑色,13tanktop.png,900,0,300,300

13ニットセーター緑色,13knit_sweater.png,0,0,300,300
13ニットセーター白,13knit_sweater.png,300,0,300,300
13ニットセーター赤,13knit_sweater.png,600,0,300,300
13ニットセーター紺色,13knit_sweater.png,900,0,300,300
13ニットセーター水色,13knit_sweater.png,1200,0,300,300
13ニットセーター茶色,13knit_sweater.png,1500,0,300,300

13ノースリーブセーター,13satui_sweater.png,0,0,300,300

13バスタオル,13bathtowel.png,0,0,300,300

13コート茶色,13coat.png,0,0,300,300
13コート赤,13coat.png,300,0,300,300
13コート白,13coat.png,600,0,300,300

13裸コート茶色,13nudecoat.png,0,0,300,300
13裸コート赤,13nudecoat.png,300,0,300,300
13裸コート白,13nudecoat.png,600,0,300,300

13学ランＡ,13gakuran.png,0,0,300,300
13学ランＢ,13gakuran.png,300,0,300,300

13フリルブラウス黒,13童貞を殺す服.png,0,0,300,300
13フリルブラウス白,13童貞を殺す服.png,300,0,300,300

13ゴスロリドレス白,13ゴスロリドレス.png,0,0,300,300
13ゴスロリドレス黒,13ゴスロリドレス.png,300,0,300,300
13ゴスロリドレス赤,13ゴスロリドレス.png,600,0,300,300

13サマードレス赤,13summer_dress.png,0,0,300,300
13サマードレス白,13summer_dress.png,300,0,300,300
13サマードレス緑色,13summer_dress.png,600,0,300,300
13サマードレス黒,13summer_dress.png,900,0,300,300

13縦セーター紫,13sero_sweater.png,0,0,300,300
13縦セーター灰色,13tateseta.png,0,0,300,300
13縦セーター紺色,13tateseta.png,300,0,300,300
13縦セーター赤,13tateseta.png,600,0,300,300
13縦セーター茶色,13tateseta.png,900,0,300,300
13縦セーター緑色,13tateseta.png,1200,0,300,300
13縦セーター黒,13tateseta.png,0,300,300,300

13ベスト灰色,13vest.png,0,0,300,300
13ベスト赤,13vest.png,300,0,300,300
13ベスト青,13vest.png,600,0,300,300
13ベスト茶色,13vest.png,900,0,300,300
13ベスト緑色,13vest.png,1200,0,300,300
13ベスト黒,13vest.png,0,300,300,300

13カーディガン灰色,13cardigan.png,0,0,300,300
13カーディガン赤,13cardigan.png,300,0,300,300
13カーディガン青,13cardigan.png,600,0,300,300
13カーディガン橙,13cardigan.png,900,0,300,300
13カーディガン緑色,13cardigan.png,1200,0,300,300
13カーディガン濃紫,13cardigan.png,0,300,300,300
13カーディガン桃,13cardigan.png,300,300,300,300
13カーディガン白,13cardigan.png,600,300,300,300
13カーディガン黒,13cardigan.png,900,300,300,300

13ノースリーブブラウス＆肩出しジャケット灰色,13offshoulder_jacket.png,0,0,300,300
13ノースリーブブラウス＆肩出しジャケット赤,13offshoulder_jacket.png,300,0,300,300
13ノースリーブブラウス＆肩出しジャケット青,13offshoulder_jacket.png,600,0,300,300
13ノースリーブブラウス＆肩出しジャケット橙,13offshoulder_jacket.png,900,0,300,300
13ノースリーブブラウス＆肩出しジャケット緑色,13offshoulder_jacket.png,1200,0,300,300
13ノースリーブブラウス＆肩出しジャケット濃紫,13offshoulder_jacket.png,0,300,300,300
13ノースリーブブラウス＆肩出しジャケット桃,13offshoulder_jacket.png,300,300,300,300
13ノースリーブブラウス＆肩出しジャケット白,13offshoulder_jacket.png,600,300,300,300
13ノースリーブブラウス＆肩出しジャケット黒,13offshoulder_jacket.png,900,300,300,300

13ノースリーブブラウスＡ＆肩出しジャケット灰色,13offshoulder_jacket.png,0,0,300,300
13ノースリーブブラウスＡ＆肩出しジャケット赤,13offshoulder_jacket.png,300,0,300,300
13ノースリーブブラウスＡ＆肩出しジャケット青,13offshoulder_jacket.png,600,0,300,300
13ノースリーブブラウスＡ＆肩出しジャケット橙,13offshoulder_jacket.png,900,0,300,300
13ノースリーブブラウスＡ＆肩出しジャケット緑色,13offshoulder_jacket.png,1200,0,300,300
13ノースリーブブラウスＡ＆肩出しジャケット濃紫,13offshoulder_jacket.png,0,300,300,300
13ノースリーブブラウスＡ＆肩出しジャケット桃,13offshoulder_jacket.png,300,300,300,300
13ノースリーブブラウスＡ＆肩出しジャケット白,13offshoulder_jacket.png,600,300,300,300
13ノースリーブブラウスＡ＆肩出しジャケット黒,13offshoulder_jacket.png,900,300,300,300

13ノースリーブブラウスＢ＆肩出しジャケット灰色,13offshoulder_jacket.png,0,0,300,300
13ノースリーブブラウスＢ＆肩出しジャケット赤,13offshoulder_jacket.png,300,0,300,300
13ノースリーブブラウスＢ＆肩出しジャケット青,13offshoulder_jacket.png,600,0,300,300
13ノースリーブブラウスＢ＆肩出しジャケット橙,13offshoulder_jacket.png,900,0,300,300
13ノースリーブブラウスＢ＆肩出しジャケット緑色,13offshoulder_jacket.png,1200,0,300,300
13ノースリーブブラウスＢ＆肩出しジャケット濃紫,13offshoulder_jacket.png,0,300,300,300
13ノースリーブブラウスＢ＆肩出しジャケット桃,13offshoulder_jacket.png,300,300,300,300
13ノースリーブブラウスＢ＆肩出しジャケット白,13offshoulder_jacket.png,600,300,300,300
13ノースリーブブラウスＢ＆肩出しジャケット黒,13offshoulder_jacket.png,900,300,300,300


13どてら灰色,13dotera.png,0,0,300,300
13どてら茶色,13dotera.png,300,0,300,300
13どてら赤,13dotera.png,600,0,300,300
13どてら緑色,13dotera.png,900,0,300,300
13どてら紺色,13dotera.png,1200,0,300,300

13ダッフルコート茶色,13duffle.png,0,0,300,300
13ダッフルコート白,13duffle.png,300,0,300,300
13ダッフルコート焦茶色,13duffle.png,600,0,300,300
13ダッフルコート黒,13duffle.png,900,0,300,300
13ダッフルコート青,13duffle.png,1200,0,300,300

13セーラー灰色＆ダッフルコート白,13duffle_sailor.png,0,0,300,300
13セーラー灰色＆ダッフルコート青,13duffle_sailor.png,0,300,300,300
13セーラー灰色＆ダッフルコート黒,13duffle_sailor.png,0,600,300,300
13セーラー灰色＆ダッフルコート茶色,13duffle_sailor.png,0,900,300,300
13セーラー灰色＆ダッフルコート焦茶色,13duffle_sailor.png,0,1200,300,300
13セーラー黒＆ダッフルコート白,13duffle_sailor.png,300,0,300,300
13セーラー黒＆ダッフルコート青,13duffle_sailor.png,300,300,300,300
13セーラー黒＆ダッフルコート黒,13duffle_sailor.png,300,600,300,300
13セーラー黒＆ダッフルコート焦茶色,13duffle_sailor.png,300,1200,300,300
13セーラー黒＆ダッフルコート茶色,13duffle_sailor.png,300,900,300,300
13セーラー紺色＆ダッフルコート白,13duffle_sailor.png,600,0,300,300
13セーラー紺色＆ダッフルコート青,13duffle_sailor.png,600,300,300,300
13セーラー紺色＆ダッフルコート黒,13duffle_sailor.png,600,600,300,300
13セーラー紺色＆ダッフルコート茶色,13duffle_sailor.png,600,900,300,300
13セーラー紺色＆ダッフルコート焦茶色,13duffle_sailor.png,600,1200,300,300
13セーラー青＆ダッフルコート白,13duffle_sailor.png,600,0,300,300
13セーラー青＆ダッフルコート青,13duffle_sailor.png,600,300,300,300
13セーラー青＆ダッフルコート黒,13duffle_sailor.png,600,600,300,300
13セーラー青＆ダッフルコート茶色,13duffle_sailor.png,600,900,300,300
13セーラー青＆ダッフルコート焦茶色,13duffle_sailor.png,600,1200,300,300
13セーラー赤＆ダッフルコート白,13duffle_sailor.png,900,0,300,300
13セーラー赤＆ダッフルコート青,13duffle_sailor.png,900,300,300,300
13セーラー赤＆ダッフルコート黒,13duffle_sailor.png,900,600,300,300
13セーラー赤＆ダッフルコート茶色,13duffle_sailor.png,900,900,300,300
13セーラー赤＆ダッフルコート焦茶色,13duffle_sailor.png,900,1200,300,300
13セーラー白＆ダッフルコート白,13duffle_sailor.png,1200,0,300,300
13セーラー白＆ダッフルコート青,13duffle_sailor.png,1200,300,300,300
13セーラー白＆ダッフルコート黒,13duffle_sailor.png,1200,600,300,300
13セーラー白＆ダッフルコート茶色,13duffle_sailor.png,1200,900,300,300
13セーラー白＆ダッフルコート焦茶色,13duffle_sailor.png,1200,1200,300,300

;こちらは暫し封印の重ね着版
;13ダッフルコート白,13coat2.png,0,0,300,300
;13ダッフルコート青,13coat2.png,300,0,300,300
;13ダッフルコート黒,13coat2.png,600,0,300,300
;13ダッフルコート茶色,13coat2.png,900,0,300,300
;13ダッフルコート焦茶色,13coat2.png,1200,0,300,300

13サスペンダー白,13suspenders.png,0,0,300,300
13サスペンダー茶色,13suspenders.png,300,0,300,300
13サスペンダー黒,13suspenders.png,600,0,300,300
13サスペンダー赤,13suspenders.png,900,0,300,300
13サスペンダー青,13suspenders.png,1200,0,300,300
13サスペンダー焦茶色,13suspenders.png,1500,0,300,300

13フリルサスペンダー黒,13フリル付きサスペンダー.png,0,0,300,300
13フリルサスペンダー白,13フリル付きサスペンダー.png,300,0,300,300
13フリルサスペンダー桃,13フリル付きサスペンダー.png,600,0,300,300

13パジャマ白,13pajamas.png,0,0,300,300
13パジャマ紺,13pajamas.png,300,0,300,300
13パジャマ桃,13pajamas.png,600,0,300,300
13パジャマ薄緑,13pajamas.png,900,0,300,300
13パジャマ水色,13pajamas.png,1200,0,300,300

13修道服,13sister.png,0,0,300,300
13巫女服,13miko_clothes.png,0,0,300,300
13チアユニフォーム,13tia1.png,0,0,300,300
13赤黒いノースリーブパーカー,13blood_parka.png,0,0,300,300
13ウェディングドレス,13wedding.png,0,0,300,300
13ナース服,13nurse_uniform.png,0,0,300,300
13ニットオフショル,13knit_upper.png,0,0,300,300
13タートルネック,13turtleneck.png,0,0,300,300
13胸開きタートルネック,13turtleneck_open.png,0,0,300,300
13白いワンピース,13white_onepiece.png,0,0,300,300
13ゴシックワンピース,13gothic_onepiece.png,0,0,300,300
13ゴシックドレス,13ゴシックドレス.png,0,0,300,300
13チュニック黄色,13woman_modern_tunic.png,0,0,300,300
13チュニック紺色,13woman_modern_tunic_kon.png,0,0,300,300
13中世チュニック赤,13man_medium_tunic_red.png,0,0,300,300
13中世チュニック緑色,13man_medium_tunic_green.png,0,0,300,300
13中世チュニック青,13man_medium_tunic_blue.png,0,0,300,300
13甘ロリワンピース,13sweet_loli_onepiece.png,0,0,300,300
13白と金の装飾のされた民族衣装,13White_Death.png,0,0,300,300
13白と金の装飾のされた民族衣装夏服,13White_Death2.png,0,0,300,300
13汚れたワンピース,13somber_dress.png,0,0,300,300
13魔術師のローブ,13魔術師のローブ.png,0,0,300,300
13魔術師のローブ2,13魔術師のローブ2.png,0,0,300,300
