0,Ｖ経験
1,Ａ経験
2,絶頂経験
3,射精経験
4,助手経験
5,経験値
6,イかせた回数
7,Ｈ回数
8,子宮口経験
9,デート経験
10,自慰経験
11,処女簒奪経験
12,Ｖ性交経験
13,Ａ性交経験
14,童貞狩り経験
15,Ｖ挿入経験
16,Ａ挿入経験
17,膣内精液経験
18,肛内精液経験
19,精飲経験
20,精液経験
21,奉仕快楽経験
22,フェラ経験
23,手淫経験
24,足コキ経験
25,腰使い経験
26,パイズリ経験
27,Ａ責め経験
28,クンニ経験
29,尿道責め経験
30,被虐快楽経験
31,放尿経験
32,嗜虐快楽経験
33,お漏らし経験
34,露出経験
35,浣腸経験
36,羞恥快楽経験
37,剃毛経験
38,尿道経験
39,足舐め経験
40,レズ経験
41,ＢＬ経験
42,ＳＭ経験
43,聖水経験
44,飲尿経験
45,Ｂ性交経験
46,Ｂ挿入経験
47,乳内精液経験
48,膣内浴尿経験
49,温泉浣腸経験
50,特別経験
51,拘束経験
52,Ａ舐め経験
53,Ｖ拡張経験
54,噴乳経験
55,触手経験
56,ピアス経験
57,Ａ拡張経験
58,媚薬経験
59,撮影経験
60,Ｖ損傷経験
61,Ａ損傷経験
62,口説き経験
63,ゴム性交経験
64,ゴム挿入経験
65,結腸経験
66,Ｖフィスト経験
67,Ａフィスト経験
68,子宮姦経験
69,子宮浴尿経験
70,キス経験
71,指舐め経験
72,吸精経験
73,授乳経験
74,飲乳経験
75,乳内浴尿経験
76,喉性交経験
77,尿道拡張経験
78,尿道性交経験
79,尿道挿入経験
80,膀胱精液経験
81,輸尿経験
82,お掃除フェラ経験
83,お掃除クンニ経験
84,お掃除Ａ舐め経験
85,性処理経験
86,睡眠姦経験,		;睡眠時に挿入行為をされると+1
87,睡眠悪戯経験,	;睡眠時に挿入行為でない性的悪戯をされると+1
88,孕ませ経験,
89,ＡＶ出演経験,
90,鼻孔精液経験,
91,トコロテン経験,
92,股コキ経験
