;淫紋
CIP腹普通,腹肌色.png,0,0,150,150
CIP腹普通苗条,腹肌色.png,150,0,150,150
CIP腹普通筋肉,腹肌色.png,300,0,150,150
CIP腹普通豐腴,腹肌色.png,450,0,150,150

CIP腹褐色肌,腹褐色.png,0,0,150,150
CIP腹褐色肌苗条,腹褐色.png,150,0,150,150
CIP腹褐色肌筋肉,腹褐色.png,300,0,150,150
CIP腹褐色肌豐腴,腹褐色.png,450,0,150,150

CIP腹色白,腹色白.png,0,0,150,150
CIP腹色白苗条,腹色白.png,150,0,150,150
CIP腹色白筋肉,腹色白.png,300,0,150,150
CIP腹色白豐腴,腹色白.png,450,0,150,150

CIP腹青肌,腹青肌.png,0,0,150,150
CIP腹青肌苗条,腹青肌.png,150,0,150,150
CIP腹青肌筋肉,腹青肌.png,300,0,150,150
CIP腹青肌豐腴,腹青肌.png,450,0,150,150


CIP淫紋羽化粉紅1,淫紋羽化1.png,0,0,150,150
CIP淫紋羽化粉紅2,淫紋羽化1.png,150,0,150,150
CIP淫紋羽化粉紅3,淫紋羽化1.png,300,0,150,150
CIP淫紋羽化粉紅4,淫紋羽化1.png,450,0,150,150
CIP淫紋羽化粉紅おめでた,淫紋羽化1.png,600,0,150,150
CIP淫紋羽化黒1,淫紋羽化黒1.png,0,0,150,150
CIP淫紋羽化黒2,淫紋羽化黒1.png,150,0,150,150
CIP淫紋羽化黒3,淫紋羽化黒1.png,300,0,150,150
CIP淫紋羽化黒4,淫紋羽化黒1.png,450,0,150,150
CIP淫紋羽化黒おめでた,淫紋羽化黒1.png,600,0,150,150

CIP淫紋改造粉紅1,淫紋改造1.png,0,0,150,150
CIP淫紋改造粉紅2,淫紋改造1.png,150,0,150,150
CIP淫紋改造粉紅3,淫紋改造1.png,300,0,150,150
CIP淫紋改造粉紅4,淫紋改造1.png,450,0,150,150
CIP淫紋改造粉紅おめでた,淫紋改造1.png,600,0,150,150
CIP淫紋改造黒1,淫紋改造黒1.png,0,0,150,150
CIP淫紋改造黒2,淫紋改造黒1.png,150,0,150,150
CIP淫紋改造黒3,淫紋改造黒1.png,300,0,150,150
CIP淫紋改造黒4,淫紋改造黒1.png,450,0,150,150
CIP淫紋改造黒おめでた,淫紋改造黒1.png,600,0,150,150

CIP淫紋開花粉紅1,淫紋開花1.png,0,0,150,150
CIP淫紋開花粉紅2,淫紋開花1.png,150,0,150,150
CIP淫紋開花粉紅3,淫紋開花1.png,300,0,150,150
CIP淫紋開花粉紅4,淫紋開花1.png,450,0,150,150
CIP淫紋開花粉紅おめでた,淫紋開花1.png,600,0,150,150
CIP淫紋開花黒1,淫紋開花黒1.png,0,0,150,150
CIP淫紋開花黒2,淫紋開花黒1.png,150,0,150,150
CIP淫紋開花黒3,淫紋開花黒1.png,300,0,150,150
CIP淫紋開花黒4,淫紋開花黒1.png,450,0,150,150
CIP淫紋開花黒おめでた,淫紋開花黒1.png,600,0,150,150

CIP淫紋基本粉紅1,淫紋基本1.png,0,0,150,150
CIP淫紋基本粉紅2,淫紋基本1.png,0,0,150,150
CIP淫紋基本粉紅3,淫紋基本1.png,150,0,150,150
CIP淫紋基本粉紅4,淫紋基本1.png,450,0,150,150
CIP淫紋基本粉紅おめでた,淫紋基本1.png,600,0,150,150
CIP淫紋基本黒1,淫紋基本黒1.png,0,0,150,150
CIP淫紋基本黒2,淫紋基本黒1.png,0,0,150,150
CIP淫紋基本黒3,淫紋基本黒1.png,150,0,150,150
CIP淫紋基本黒4,淫紋基本黒1.png,450,0,150,150
CIP淫紋基本黒おめでた,淫紋基本黒1.png,600,0,150,150

CIP淫紋寄生粉紅1,淫紋寄生1.png,0,0,150,150
CIP淫紋寄生粉紅2,淫紋寄生1.png,150,0,150,150
CIP淫紋寄生粉紅3,淫紋寄生1.png,300,0,150,150
CIP淫紋寄生粉紅4,淫紋寄生1.png,450,0,150,150
CIP淫紋寄生粉紅おめでた,淫紋寄生1.png,600,0,150,150
CIP淫紋寄生黒1,淫紋寄生黒1.png,0,0,150,150
CIP淫紋寄生黒2,淫紋寄生黒1.png,150,0,150,150
CIP淫紋寄生黒3,淫紋寄生黒1.png,300,0,150,150
CIP淫紋寄生黒4,淫紋寄生黒1.png,450,0,150,150
CIP淫紋寄生黒おめでた,淫紋寄生黒1.png,600,0,150,150

CIP淫紋浸食粉紅1,淫紋浸食1.png,0,0,150,150
CIP淫紋浸食粉紅2,淫紋浸食1.png,150,0,150,150
CIP淫紋浸食粉紅3,淫紋浸食1.png,300,0,150,150
CIP淫紋浸食粉紅4,淫紋浸食1.png,450,0,150,150
CIP淫紋浸食粉紅おめでた,淫紋浸食1.png,600,0,150,150
CIP淫紋浸食黒1,淫紋浸食黒1.png,0,0,150,150
CIP淫紋浸食黒2,淫紋浸食黒1.png,150,0,150,150
CIP淫紋浸食黒3,淫紋浸食黒1.png,300,0,150,150
CIP淫紋浸食黒4,淫紋浸食黒1.png,450,0,150,150
CIP淫紋浸食黒おめでた,淫紋浸食黒1.png,600,0,150,150

CIP淫紋堕落粉紅1,淫紋堕落1.png,0,0,150,150
CIP淫紋堕落粉紅2,淫紋堕落1.png,150,0,150,150
CIP淫紋堕落粉紅3,淫紋堕落1.png,300,0,150,150
CIP淫紋堕落粉紅4,淫紋堕落1.png,450,0,150,150
CIP淫紋堕落粉紅おめでた,淫紋堕落1.png,600,0,150,150
CIP淫紋堕落黒1,淫紋堕落黒1.png,0,0,150,150
CIP淫紋堕落黒2,淫紋堕落黒1.png,150,0,150,150
CIP淫紋堕落黒3,淫紋堕落黒1.png,300,0,150,150
CIP淫紋堕落黒4,淫紋堕落黒1.png,450,0,150,150
CIP淫紋堕落黒おめでた,淫紋堕落黒1.png,600,0,150,150

CIP淫紋隷属粉紅1,淫紋隷属1.png,0,0,150,150
CIP淫紋隷属粉紅2,淫紋隷属1.png,150,0,150,150
CIP淫紋隷属粉紅3,淫紋隷属1.png,300,0,150,150
CIP淫紋隷属粉紅4,淫紋隷属1.png,450,0,150,150
CIP淫紋隷属粉紅おめでた,淫紋隷属1.png,600,0,150,150
CIP淫紋隷属黒1,淫紋隷属黒1.png,0,0,150,150
CIP淫紋隷属黒2,淫紋隷属黒1.png,150,0,150,150
CIP淫紋隷属黒3,淫紋隷属黒1.png,300,0,150,150
CIP淫紋隷属黒4,淫紋隷属黒1.png,450,0,150,150
CIP淫紋隷属黒おめでた,淫紋隷属黒1.png,600,0,150,150

CIP淫紋封入粉紅1,淫紋封入1.png,0,0,150,150
CIP淫紋封入粉紅2,淫紋封入1.png,150,0,150,150
CIP淫紋封入粉紅3,淫紋封入1.png,300,0,150,150
CIP淫紋封入粉紅4,淫紋封入1.png,450,0,150,150
CIP淫紋封入粉紅おめでた,淫紋封入1.png,600,0,150,150
CIP淫紋封入黒1,淫紋封入黒1.png,0,0,150,150
CIP淫紋封入黒2,淫紋封入黒1.png,150,0,150,150
CIP淫紋封入黒3,淫紋封入黒1.png,300,0,150,150
CIP淫紋封入黒4,淫紋封入黒1.png,450,0,150,150
CIP淫紋封入黒おめでた,淫紋封入黒1.png,600,0,150,150

CIP淫紋聖翼粉紅1,淫紋聖翼1.png,0,0,150,150
CIP淫紋聖翼粉紅2,淫紋聖翼1.png,150,0,150,150
CIP淫紋聖翼粉紅3,淫紋聖翼1.png,300,0,150,150
CIP淫紋聖翼粉紅4,淫紋聖翼1.png,450,0,150,150
CIP淫紋聖翼粉紅おめでた,淫紋聖翼1.png,600,0,150,150
CIP淫紋聖翼黒1,淫紋聖翼黒1.png,0,0,150,150
CIP淫紋聖翼黒2,淫紋聖翼黒1.png,150,0,150,150
CIP淫紋聖翼黒3,淫紋聖翼黒1.png,300,0,150,150
CIP淫紋聖翼黒4,淫紋聖翼黒1.png,450,0,150,150
CIP淫紋聖翼黒おめでた,淫紋聖翼黒1.png,600,0,150,150
