CIPＴ字褲普通,CIPＴバック肌色.png,0,0,300,100
CIPＴ字褲褐色肌,CIPＴバック褐色.png,0,0,300,100
CIPＴ字褲色白,CIPＴバック色白.png,0,0,300,100
CIPＴ字褲青肌,CIPＴバック青肌.png,0,0,300,100

CIPＴ字褲黄色,CIPＴバック黄色.png,0,0,300,100
CIPＴ字褲灰色,CIPＴバック灰色.png,0,0,300,100
CIPＴ字褲紫,CIPＴバック紫.png,0,0,300,100
CIPＴ字褲真紅,CIPＴバック真紅.png,0,0,300,100
CIPＴ字褲水色,CIPＴバック水色.png,0,0,300,100
CIPＴ字褲青,CIPＴバック青.png,0,0,300,100
CIPＴ字褲赤,CIPＴバック赤.png,0,0,300,100
CIPＴ字褲粉紅,CIPＴバック赤.png,0,0,300,100
CIPＴ字褲白,CIPＴバック白.png,0,0,300,100
CIPＴ字褲薄緑,CIPＴバック薄緑.png,0,0,300,100
CIPＴ字褲緑色,CIPＴバック緑色.png,0,0,300,100

CIPＴ字褲豹纹,CIPＴバック豹柄.png,0,0,300,100

CIPＴ字褲水玉粉紅,CIPＴバック水玉ピンク.png,0,0,300,100
CIPＴ字褲水玉黄色,CIPＴバック水玉黄色.png,0,0,300,100
CIPＴ字褲水玉黒,CIPＴバック水玉黒.png,0,0,300,100
CIPＴ字褲水玉水色,CIPＴバック水玉水色.png,0,0,300,100
