;22其他
22ponpon,22ponpon.png,0,0,300,300
22血迹,22返り血.png,0,0,300,300
22烟,22cigarette.png,0,0,300,300
22冰,22ice.png,0,0,300,300
22pocky,22cocoa_cigarette.png,0,0,300,300
22面包,22食パン.png,0,0,300,300
22法棍,22フランスパン.png,0,0,300,300
22橘子,22mikan.png,0,0,300,300
22頭上橘子,22mikan02.png,0,0,300,300
22本,22book.png,0,0,300,300
22茶,22Japanese_teacup.png,0,0,300,300
22避孕套,22Condom.png,0,0,300,300

22挎包,22school_bag.png,0,0,300,300

22まぐろう1,22まぐろう.png,0,0,300,300
22まぐろう2,22まぐろう.png,300,0,300,300
22まぐろう3,22まぐろう.png,600,0,300,300
22まぐろ,22まぐろう.png,900,0,300,300

22振動棒,22vibrator.png,0,0,300,300

22精液髪,22精液髪.png,0,0,300,300
22精液右頬,22精液右頬.png,0,0,300,300
22精液左頬,22精液左頬.png,0,0,300,300
22精液Ｂ,22精液Ｂ.png,0,0,300,300

22目陰普通,22目陰普通.png,0,0,300,300
22目陰色白,22目陰色白.png,0,0,300,300
22目陰褐色肌,22目陰褐色肌.png,0,0,300,300
22目陰青肌,22目陰青肌.png,0,0,300,300

22扇子赤,22sensu.png,0,0,300,300
22扇子富士山,22sensu.png,300,0,300,300
22扇子桜,22sensu.png,600,0,300,300
22扇子白,22sensu.png,900,0,300,300

22爱心大量,22hand_written_heart.png,0,0,300,300

;萌え袖
22V领毛衣灰色,22moesode.png,0,0,300,300
22V领毛衣赤,22moesode.png,300,0,300,300
22V领毛衣青,22moesode.png,600,0,300,300
22V领毛衣橙,22moesode.png,900,0,300,300
22V领毛衣緑色,22moesode.png,1200,0,300,300
22V领毛衣濃紫,22moesode.png,0,300,300,300
22V领毛衣桃,22moesode.png,300,300,300,300
22V领毛衣白,22moesode.png,600,300,300,300
22V领毛衣黒,22moesode.png,900,300,300,300

22肩出し夹克灰色,22moesode.png,0,0,300,300
22肩出し夹克赤,22moesode.png,300,0,300,300
22肩出し夹克青,22moesode.png,600,0,300,300
22肩出し夹克橙,22moesode.png,900,0,300,300
22肩出し夹克緑色,22moesode.png,1200,0,300,300
22肩出し夹克濃紫,22moesode.png,0,300,300,300
22肩出し夹克桃,22moesode.png,300,300,300,300
22肩出し夹克白,22moesode.png,600,300,300,300
22肩出し夹克黒,22moesode.png,900,300,300,300

22运动衫黒,22moesode.png,0,600,300,300
22运动衫青,22moesode.png,300,600,300,300
22运动衫赤,22moesode.png,600,600,300,300
22运动衫緑色,22moesode.png,900,600,300,300

22睡衣白,22moesode.png,0,900,300,300
22睡衣紺,22moesode.png,300,900,300,300
22睡衣桃,22moesode.png,600,900,300,300
22睡衣薄緑,22moesode.png,900,900,300,300
22睡衣水色,22moesode.png,1200,900,300,300

