;価格は現代の価値にして1$≒10〜100円ぐらいか。大体のアイテムはスペア込み。
;0〜29 大人のおもちゃ
0,ローター,500,
1,バイブセット,1000,
2,アナルバイブ,1000,
3,アナルパール,1000,
4,極太バイブ,1500,
5,腕型バイブ,2000,
6,馬型バイブ,2500,
7,オナホ,1000,
8,尿道ブジー,1000,
9,ペニバン,2000,

;30〜49 調教道具
30,カテーテル,1500,
;31,膣鏡,2000
32,拘束具,5000,
33,浣腸,5000,
34,ピアスセット,3000,
35,撮影機材,30000,



;50〜59 消耗品
50,ローション,10,
51,コンドーム,20,
52,媚薬,200,
53,絆創膏,20,


;60〜79 身嗜みor特殊アイテム
;61,エリクサー,55000,		;身体の異常を治し、リザレクション持ちならば魂を１回復させる凄い薬
;62,毛生え薬,2000,
;63,脱毛剤,2000,
;64,避妊の護符,30000,
;65,カカオマス,1000,
;66,カカオバター,1000,
;67,粉乳,1000,
;68,砂糖,1000,

;これ以下はITEM関係のフラグ
;80〜89 消耗品使用量
80,開始時ローション数
81,開始時コンドーム数
83,開始時絆創膏数


;90〜 特殊アイテム。非売品
90,使用済みゴム
91,ゴム内精液
92,未飲ゴム

