;-------------------------------------------------
;0〜29番,愛撫(調教者奉仕)系やソフトコマンド
;-------------------------------------------------
0,愛撫
1,クンニ
2,アナル愛撫
3,自慰
4,フェラする
5,胸愛撫
6,キスする
7,アソコ愛撫
8,指挿入れ,;連続実行でＧスポット刺激へと派生
9,アナル舐め
10,手コキする
11,パイズリする
12,足コキする
13,くぱぁさせる
14,Ａくぱぁさせる
15,尿道指挿入れ
16,〜予備〜
17,〜予備〜
18,〜予備〜
19,〜予備〜


;-------------------------------------------------
;30〜59番,道具系調教コマンド
;-------------------------------------------------
30,ローター
31,バイブ
33,アナルバイブ
37,オナホール
38,〜予備〜
39,〜予備〜
40,〜予備〜
41,〜予備〜
42,〜予備〜
43,〜予備〜

;-------------------------------------------------
;60番台,セックス系コマンド
;-------------------------------------------------
60,正常位
61,後背位
62,屈曲位
63,対面座位
64,背面座位
65,騎乗位
66,挿入Ｇスポ責め
67,挿入子宮口責め
68,子宮挿入
69,〜予備〜

;-------------------------------------------------
;70番台,Ａセックス系コマンド
;-------------------------------------------------
70,アナル正常位
71,アナル後背位
72,アナル屈曲位
73,アナル対面座位
74,アナル背面座位
75,アナル騎乗位
76,〜予備〜
77,〜予備〜
78,〜予備〜
79,〜予備〜

;-------------------------------------------------
;80番台,特殊セックス系コマンド
;-------------------------------------------------
80,貝合わせ
81,胸の谷間を犯す
82,ニプルファック
83,尿道正常位
84,尿道後背位
85,尿道屈曲位
86,尿道対面座位
87,尿道背面座位
88,尿道騎乗位
89,〜予備〜

;-------------------------------------------------
;90〜119番,奉仕系コマンド
;-------------------------------------------------
90,手淫
91,フェラチオ
92,パイズリ
93,素股
94,泡踊り
95,足コキ
96,アナル奉仕
97,ぱんつコキ
98,奉仕クンニ
99,シックスナイン
100,足舐め奉仕
101,尻コキ
102,胸愛撫させる
103,〜予備〜
104,ぱふぱふ
105,オナホコキ
106,逆バイブ
107,逆Ａバイブ
108,〜予備〜
109,〜予備〜


;-------------------------------------------------
;120番台,調教者セックス系コマンド
;押し倒しの時には120は逆レイプで126は逆アナル となる
;-------------------------------------------------
120,正常位奉仕
121,後背位奉仕
122,騎乗位で犯す
123,〜予備〜
124,〜予備〜
125,Ａ正常位奉仕
126,Ａ後背位奉仕
127,Ａ騎乗位で犯す
128,〜予備〜
129,〜予備〜


;-------------------------------------------------
;130〜159番,SM系orハードなコマンド
;-------------------------------------------------
130,スパンキング
132,鼻フック
133,アイマスク
134,拘束する
135,口枷
136,浣腸
138,浴尿させる
139,何もしない
140,イラマチオ
141,フィストファック
142,アナルフィスト
143,両穴フィスト
144,放尿
145,剃毛
146,身嗜み管理
147,ゴム精飲
148,ピアッシング
149,尿道カテーテル
150,ディープスロート
151,尿道ブジー
152,尿道バイブ
153,〜予備〜
154,〜予備〜
155,〜予備〜
156,〜予備〜
157,〜予備〜
158,写真撮影

;-------------------------------------------------
;170〜199番,〜プレイ等舞台作成コマンド
;-------------------------------------------------
170,ビデオカメラ
171,野外プレイ
172,お風呂場プレイ
173,新妻プレイ
174,室内露出プレイ
175,着せ替え
176,押し倒される
177,〜予備〜
178,二人に押し倒される
179,〜予備〜


;-------------------------------------------------
;200〜259番,特殊能力コマンド
;-------------------------------------------------
200,具現
201,〜予備〜
202,〜予備〜
203,〜予備〜
204,〜予備〜
205,〜予備〜
206,〜予備〜
207,〜予備〜
208,〜予備〜

;-------------------------------------------------
;260〜279番,消費アイテムコマンド
;-------------------------------------------------
260,ローション
261,媚薬
262,利尿剤
263,絆創膏
264,排卵誘発剤
265,〜予備〜
266,〜予備〜
267,筋弛緩剤
268,〜予備〜
269,〜予備〜


;-------------------------------------------------
;280〜299番,コミュニケーション系コマンド
;-------------------------------------------------
280,もがく
281,なすがまま
282,自慰する
283,甘い言葉
284,褒める
285,抱きしめる

;-------------------------------------------------
;500番台,派生コマンド(コメントアウト解除禁止)
;-------------------------------------------------
511,挿入前暴発

;999,口上側からの調教強制終了用
