0,キャラ用,		;各キャラ用の自由に使えるフラグ。口上を書く人が使ってください。でもCEVENTでいけそうならそっち使ってください
1,助手可能
2,好感度
3,性転換
4,繰り越しキャラ
5,マグロ
6,助手の指示
7,日常イベント回数,	;日常イベントを選ぶ毎に+1。回数に応じて特殊なセリフを喋らせると良いでしょう
8,加入日,		;仲間に加わった日
9,初期仲間
10,行動
11,一緒に寝た
12,前回Ｈ日
13,満足度
14,ちょっかい数,	;その時間帯に日常イベントでちょっかいかけた回数。主に好感度増加のカウントに使う
15,身嗜み
16,Ｖ尿道履歴,		;Ｖ尿道で受け入れた最大の太さの記録に使用
17,妊娠で巨乳化
18,息子の数
19,娘の数
20,最新中出し日
21,下着確認済,		;パンツチェック等をするとON。bitで管理します
22,股間確認済,		;パンツ以外のものを履いている際にのみ使う。ブルマとか水着とかレオタードなど。
23,スカートめくり,	;スカートをめくるorめくられるとONになります。主に日常イベントで使用
24,挨拶した,		;あなたに挨拶するとONになります。日が変わると初期化
25,挨拶された,		;あなたに挨拶されるとONになります。日が変わると初期化
26,お茶,		;お茶を飲むとONになります。その後ターンごとに値が減り、0になるとまたイベント可能に
27,甘い言葉,		;甘い言葉を囁くとONになります。時間帯が変わると初期化
28,褒める,		;褒めるとONになります。時間帯が変わると初期化
29,不機嫌,		;基本的にはなりません。なってもすぐ直ってくれます。やさしい
;状態など。@EVENTSHOPで初期化される
30,汗,			;1で汗かき状態になった記録。2で汗かき, 4以上で汗だく
31,睡眠,		;眠りが深いほど値が大きい
32,びしょびしょ,	;主にお風呂上がりで身体を拭いていない状態です
33,隙あり,		;相手が隙がある時にONになります
34,寝起き,		;睡眠から覚めた直後です
35,トイレ済,		;トイレに行ったことをあなたに確認されている状態です
36,怒り,		;基本的にはなりません。なってもすぐ直ってくれます。やさしい
37,パンツ没収,		;パンツを没収されるとON
38,アソコチェック,	;アソコをチェックされるとON
39,アナルチェック,	;アナルをチェックされるとON
40,ゴム内精液,		;このキャラが今回のエロでコンドーム有りで搾り取った精液量
41,水泳,		;泳ぐとフラグON
42,優先順位,		;パートナーに選ばれると1になり、他の人がパートナーに選ばれると順位が上がる
43,同棲,		;bitで管理。0bit同棲可能, 1bit同棲中
44,入室までの所要時間,	;1以上だとまだ居ない。時間ごとに１減る
45,不在,		;ONだとこの時間帯は現れない
46,PREV_DAILYCATE,	;前回行った日常コマンドのジャンル
47,パンツ奪われ数,	;主人にパンツを奪われた回数
48,お弁当,		;これがONだと毎朝お弁当作ってくれます！一緒に食べてもくれますぜ
49,ピル,		;ピルで避妊中です
50,性処理,		;ONだと性処理してくれます
51,尻尾を出す,		;尻尾を隠していた人が出したフラグ。別に悪事がばれたわけではない
52,夜型,		;これがONだと部室には現れず、自宅にのみ現れる
53,標語実践,		;標語のお題を実行していたらONになる
54,シャワー中,		;0 イベントON, 1 人物確定
55,入室挨拶中,		;誰がイベント中かを見るのに使う
56,Ｖ中出し済,		;本日Ｖ中出しされた精液量
57,Ａ中出し済,		;本日Ａ中出しされた精液量
58,尿道中出し済,	;本日尿道中出しされた精液量
59,Ｂ中出し済,		;本日Ｂ中出しされた精液量
60,精飲済,		;本日飲まされた精液量
61,体育,		;体育の授業受けるとON
62,シャワー済,		;本日シャワーを一回浴びた
63,一緒に帰宅,		;一緒に帰ったフラグ
64,水着選び,		;春〜夏にかけて水着選びイベントが起きると、その年の値になります
65,ランダム下着OFF,	;これがONだと本体側のランダムパンツを行いません。下着を口上側で設定する必要があります
66,暇を持て余す,	;暇を持て余しているイベントを行うとON
67,電源ボックス,	;0bit ON, 1bit バレた
68,Ｈ最中の取引,	;自分がＨのパートナーの際に取引を持ち掛けられるとON
69,ポーズ撮影終了,	;これがONになるとポーズをとってくれなくなる
70,ムラムラ,		;ムラムラしてます
71,薄着になった,	
72,コスプレ中,		;あなた好みの衣装に着替えてあげてます
73,行動参加中,		;対複数行動に参加するとONになる
74,勃起中,		;勃起するとONです
75,デートの約束,	;週末にデートの約束があります。ダブルブッキングは禁止！
76,日焼け強度,		;日焼けすると数字が入る。徐々に減っていき、0になると日焼けが消える
77,性処理済,		;毎日一回リセット。性処理してあげるとONになる
78,常時Ｖバイブ日数,	;日常生活でバイブを入れて過ごした日数です
79,常時Ａプラグ日数,
80,常時尿道プラグ日数,
81,淫紋の様子,		;淫紋の様子を地の文で解説するとON
82,着床確実,		;超危険日に受精した場合にONになる
83,陰毛描写,		;陰毛の描写を地の文で出すとON
84,呼び出された,	;あなたに呼ばれるとONになる
85,髪型変更のお願い中,	;髪型を変更してもらうとこれに維持する日数が入る。0になると元に戻…そうと思ったけど別にいいか
86,交流中
87,絆創膏装着
88,顔グラ,		;これがONだと顔グラが表示される
89,要受精確率,		;COND("受精確率")がこの値を越えていると妊娠。毎朝RAND:100で再設定される
90,Ｐ尿道履歴,		;Ｐ尿道で受け入れた最大の太さの記録に使用
91,剃毛者,		;最後に陰毛を剃った人
92,顔出し頻度,		;これによって来たり来なかったりを調整できる
93,勉強時間,		;試験勉強をどんだけしたかの目安
94,試験結果,		;直近の試験の点数
95,前回試験結果,	;前回の試験の点数
96,前々回試験結果,	;前々回の試験の点数
97,Ｈな約束,		;=1要求を却下, =2許可(いい点が条件), =3許可(学年上位が条件), =4ご褒美get。試験が終わる度にリセットされる
98,ご褒美権,		;Ｈなご褒美の許可回数
99,恥じらい,		;顔グラ変化用です
100,予想点,		;テストの予想点です
102,性欲解消済
103,ビデオ売上合計

105,ＣＩＰ発生済
106,KOJO_DAILY済,	;このターンにKOJO_DAILYを発言済みならONになる
107,オートパンツ取引発生済
108,レクリエーション中,	;みんなで遊んでいる場合にON。SAVESTR:レクリエーション に何してるかが代入される
109,プレゼント渡し済
110,睡眠時エンディング,	;これがＯＮになっていると寝ている時にもエンディングが見れるようになります


200,ＮＴＲ禁止,		;1 あなた以外とのＨを全て禁止する, 2 部員相手は許すが、モブなど知らない相手とのＨは禁止する。これはゲーム内では一切変動しない

;600〜699	PALAMの記録に使う
;700〜709	今までに経験したイベントの記憶
;710〜719	今までに選んだエロコマンドの記録
;720〜729	今までに選んだ"押し倒し状態の"エロコマンドの記録


;CFLAG1100〜はキャラごとに好きに使ってよい。自由にラベルを貼ってください
;1100〜1199 01フェリシエル
;1200〜1299 02濡烏の君
;1300〜1399 03ツェツィーリア
;1400〜1499 04アリーヌ
;1500〜1599 05六華

;1600〜1699 06さくら
1600,健康度,		;さくら口上　イベント制御用
1610,下着カップ,
1611,水着カップ,

;1700〜1799 07ハナ
1700,ランダム
1710,誤差1,
1711,誤差2,
1720,尿道回数,
1721,Ｖ回数,
1722,Ａ回数,

;1800〜1899 08優里
;1900〜1999 09パラチネ
;2000〜2099 10メリィエーナ
;2100〜2199 11リアラ
;2200〜2299 12成美

;2300〜2399 13アイリ
2300,マタタビ,		;初回判定とか本日実行済判定とかに使う 0フラグ立ってない 1初回 2二回目以降 3,4本日実行済み
2301,抜け出し回数,		;授業中に性処理で抜け出した回数
2302,じゃれつき具合,		;もてなすコマンド「じゃらす」の処理に使用

;2400〜2499 14シキ
2400,シキ吸血フラグ
2401,シキ吸血量
2402,シキ吸血量全体

;2500〜2599 15槞彁
2500,前回母国状況変動日
2501,母国状況
2502,母国報道
2503,槞彁所持金
2504,プレイヤー国債所持量
2505,貢いだ金額
2506,貢いだ魂
2507,槞彁言語能力
2508,プレイヤー言語能力
2509,翻訳機レベル

;2600〜2699 16あんず
;2700〜2799 17小菊
;2800〜2899 18ホムラ
;2900〜2999 19マノン
;3000〜3099 20カリスタ
3000,ランダム

;3100〜3199 21祥子
;3200〜3299 22リューナ
;3300〜3399 23マリー
3301,髪型変更
;3400〜3499 24千穂

;3500〜3599 25ノノ
3500,弁当日数,
3501,Ｓっ気フラグ,
3502,年齢一時保管,	;あなたを男の娘から戻すとき、AGEが３以上のとき戻すための一時保管フラグ
3503,プレゼント回数,
3504,つんつん回数,
3505,一日フラグ,

;3600〜3699 26恭子
;3700〜3799 27維吹
;3800〜3899 28
;3900〜3999 29碧
3900,媚薬精製
;4000〜4099 30オスカー
4000,ソロモン７２柱について話した数
4001,トランクを開けた回数

;4100〜4199 31寧子
;アイリちゃんとこからのパクパク
4100,じゃれつき具合_寧子,		;初回判定とか本日実行済判定とかに使う 0条件に掛かってフラグ折れてる 1朝一立つじゃらし可能フラグ 2〜コマンド二回目以降
4101,浣腸回数,
4102,排便回数,
4103,お仕置き
4104,初詣回数,
4105,シルシ,
4106,もらいもの,

;4300〜4399 33鈴
4301,カブランド
4302,カブランド_DAILY
4303,カブランド_DAILY初期値

;4500〜4599 35灯
4500,取引回数

;4700〜4799 37グレイス
4700,あなたにお茶を淹れてもらった回数

;4900-4999 39百合香
4900,決断

;5000〜5099 40綾乃
5000,猥談

;5100〜5199 41栞
5100,ローション残量

;5400〜5499 44千紗 
5400,殺された数,
5401,花の意味,
5402,朝露に濡れる花,
5411,罪悪感,
5444,殺した数,
5445,孤独,

;5500〜5599 45小夜 
5500,淫臭クンニ
5501,調子乗り度
5502,口内汚辱,		   ;0:経験無し 1:経験済み 2:口の中にある
5503,アイス当たり棒
5504,シール
5505,ほんの少しの勇気, ；バレンタイン用

;5600〜5699　46ノイ
5600,動揺

;5700〜5799 47リディア

;5800〜5899 48莉
5800,ストレス,

;5900〜5999 49白い死神
5900,不機嫌指数,
5901,死神の愚痴,
5902,死神の業務報告,
5910,魂の器拡張済み,

;6000〜6099 50シュトリー
6000,OFC, ;0xFFFFFFの数字

;6200〜6299 52小鳥遊静奈
6200,エッチな下着着用

;6500〜6599 55 都築紬希
6500,想イノ行方,;イベント管理用

;6700〜6799 57 土内遥
6700,メス堕ち度,
6701,昼と夜発生日,
6702,女装乗り気度,
6703,吸血鬼になった日,

;11000〜11099 100パトラ
11001,射精管理プレイ
11002,初めての吸精事件
11003,調教の悪夢
11004,手がかり
11010,手がかり：泥酔
11011,手がかり：夢Ａ
11012,手がかり：夢Ｂ
11013,脱出ゲーム
11020,苦痛レベル
11099,真エンド条件

;11100〜11199 101
