;BEGIN TRAINで初期化される
0,愛撫
1,顔面騎乗
2,結腸責め
3,自慰
5,胸愛撫
6,キス
7,アソコ愛撫
8,豊穣
11,バイブ
12,カテーテル
13,アナルバイブ
14,尿道バイブ,		;0bit〜9bit 増える程に太くなる, 11bitパールタイプ


;体位は挿入されてるキャラのみ
20,体位
;〜9bit	体位
;10bit	Ｖ性交
;11bit	Ａ性交
;12bit	尿道性交
;20bit  立位
;挿入している側でフラグ管理
21,Ｖ挿入
22,Ａ挿入
23,尿道挿入

25,弛緩,		;体の緊張がほぐれている度合い。絶頂数合計が1で1LV,10で2LV,どこか一カ所が20で3LVとなる
26,特殊行動,		;0bitワイルドスウィング, 1bit二本フィスト
27,コンドーム,		;値で使っている相手を記録する
28,排卵誘発剤

30,押し倒し

32,Ｗ押し倒し
33,甘い言葉

35,室内露出プレイ
36,逆調教
37,自慰する

40,ディープスロート

43,アイマスク
44,拘束
45,口枷,		;1 ボールギャグ, 2 開口リング
46,浣腸
; 0bit 空気浣腸
; 1bit 浣腸（少なめ）
; 2bit 浣腸（規定量）
; 3bit 浣腸（大量）
; 4bit 浣腸（超大量）
; 9bit アナルプラグ
;10bit 精液浣腸フラグ
;11bit 温泉浣腸フラグ
47,鼻フック

49,尿道ブジー
50,ローション
;1bit ローションマッサージ選択フラグ
;2bit ローションマッサージ実行済みフラグ
51,媚薬
52,利尿剤
53,ビデオカメラ
54,野外プレイ
;0bit 人里, 1bit 森林, 2bit 花園, 3bit 水辺
55,女王様プレイ
;値の増加によってできるプレイが増える。
56,筋弛緩剤
;0bit 肛門, 1bit 尿道, 2bit アソコ, 3bit 子宮口
57,絆創膏

58,お風呂プレイ
59,新妻プレイ
60,３Ｐ
61,お風呂上り
62,電話中

69,シックスナイン
70,足コキ

80,不毛な相談
81,ソロプレイヤー
82,理性主義
83,包容力
84,手加減
85,淫精の伝道師
86,堕天使の甘言
87,動画撮影
88,頑張る先輩
89,テンプテーション
90,狩猟の美学
91,痛いの痛いのとんでけ
92,小悪魔の囁き
93,解放感
94,トリックスター
95,甘えん坊




